Study_Hours,Study_Regularity,Study_Method,Student_Background,Study_Start,Exam_Score,Math_Score
9,0,0,1,1,221,221
11,0,1,0,1,189,183
8,1,1,1,0,226,218
4,0,0,1,0,223,218
10,0,1,0,0,207,204
8,0,0,0,1,248,250
7,0,1,1,0,227,231
6,1,1,1,1,221,225
8,1,1,0,1,194,197
10,1,0,0,1,178,181
10,1,1,0,1,165,158
8,1,1,0,1,231,229
8,0,1,1,0,225,218
6,0,1,0,0,212,217
5,0,1,0,1,167,161
9,0,1,1,1,227,219
10,0,0,0,0,231,225
9,0,1,0,0,212,216
12,1,1,0,1,193,186
12,0,0,1,1,221,213
5,0,0,1,0,221,221
5,1,1,0,0,218,219
8,0,0,0,1,227,228
9,0,1,1,0,224,228
6,1,1,0,1,184,175
5,1,1,0,0,239,234
9,0,1,1,1,222,219
8,0,0,0,0,191,193
7,0,1,1,0,225,221
12,0,1,1,0,227,226
9,0,1,0,1,181,178
5,0,1,0,0,161,157
7,1,0,0,0,190,187
7,0,0,1,0,226,220
12,1,0,1,0,224,229
5,1,0,1,1,227,225
8,1,1,0,0,169,160
12,0,0,0,1,179,172
4,1,1,1,0,224,224
5,1,0,1,0,229,233
8,1,1,0,1,209,206
11,0,0,1,1,226,224
7,1,1,1,0,221,226
9,0,1,1,1,226,217
7,0,1,0,1,227,225
5,0,1,0,1,211,214
4,1,0,1,0,229,223
8,0,1,1,0,225,230
6,0,0,0,1,220,223
4,1,0,0,1,232,232
10,0,0,0,1,244,248
12,1,0,1,0,220,225
7,0,0,1,0,228,230
12,1,1,1,0,227,232
8,1,1,1,1,222,222
11,1,1,1,1,226,227
9,1,1,0,0,213,212
4,1,1,0,1,210,208
11,0,1,1,1,227,232
5,0,1,0,1,213,218
11,0,0,1,0,225,227
7,1,1,1,0,226,218
6,0,0,1,0,220,213
9,0,1,0,1,208,210
8,1,0,1,1,226,225
4,1,1,1,0,229,232
11,0,1,0,0,233,234
11,0,1,1,0,223,221
12,1,1,0,0,245,244
4,1,0,1,1,225,224
5,1,1,0,0,214,209
9,0,1,0,0,165,165
8,0,0,1,0,228,232
10,1,1,1,1,225,228
7,0,1,1,1,224,224
11,0,1,0,0,161,153
6,1,1,1,0,229,228
4,0,1,0,1,196,197
7,0,0,1,1,220,220
10,1,0,0,0,234,225
5,1,0,1,0,223,214
8,0,1,0,0,177,177
11,0,1,0,0,199,204
8,0,0,0,0,184,185
11,1,1,0,0,225,223
7,1,0,0,0,201,199
10,1,1,1,1,222,220
12,0,1,1,1,220,224
9,1,0,1,0,222,223
7,1,1,0,0,192,194
11,0,1,0,1,242,241
10,0,1,1,1,228,228
9,0,0,1,0,224,222
10,1,0,1,1,228,223
12,0,0,0,0,223,222
11,0,0,0,0,248,240
6,1,0,0,1,203,199
12,0,0,1,0,223,215
12,1,1,1,0,228,227
7,1,1,1,1,228,230
4,0,1,0,1,194,187
4,0,1,0,0,178,179
8,0,0,0,1,167,162
5,0,0,0,0,196,194
9,0,1,1,1,221,217
6,0,1,1,1,229,222
8,1,1,1,1,229,229
6,0,1,1,0,224,229
6,1,0,1,1,225,218
7,0,0,0,0,239,237
9,1,0,0,1,190,183
10,1,1,0,0,199,196
12,0,0,1,1,220,225
10,0,0,1,0,228,219
7,0,1,1,1,225,218
12,1,0,1,0,223,226
9,0,0,1,1,221,222
5,0,1,0,1,154,148
10,1,0,0,0,179,174
8,1,1,1,0,224,217
4,0,1,1,0,229,231
9,0,0,0,0,236,235
6,0,1,0,1,234,233
4,1,1,0,0,189,190
7,1,1,0,0,235,238
7,0,1,1,1,221,214
10,0,1,1,1,228,219
7,0,1,1,1,222,217
7,0,0,0,0,216,211
5,1,1,0,1,155,156
10,1,1,1,1,226,223
4,0,1,0,0,191,193
8,1,0,0,1,192,185
6,0,1,0,0,246,242
10,0,0,1,0,222,224
8,1,1,0,0,203,207
10,1,0,1,0,222,227
12,0,1,0,0,223,221
6,1,1,1,1,222,215
10,0,1,1,0,225,221
6,1,1,0,1,208,207
7,0,0,0,1,164,168
12,1,1,0,0,162,161
8,1,0,1,1,220,218
4,1,1,0,0,163,158
10,1,1,0,0,200,195
5,1,0,1,1,225,230
10,1,1,0,1,237,230
7,1,1,1,0,223,218
4,0,1,0,0,192,189
5,1,1,1,1,222,223
4,1,1,1,0,221,225
8,1,0,0,0,188,179
5,0,1,1,1,222,222
11,0,1,1,1,229,225
12,1,1,1,0,223,216
5,0,1,0,1,218,220
5,0,0,0,1,224,229
4,1,1,1,0,224,218
7,1,0,1,0,221,217
6,1,1,0,0,156,152
8,1,1,0,1,206,202
5,1,0,1,0,226,230
10,1,0,1,1,223,214
4,0,0,0,1,232,236
6,1,1,0,1,249,251
7,0,0,0,1,179,184
12,0,0,0,0,226,231
6,0,0,0,1,168,160
9,1,0,0,0,173,170
11,1,0,1,1,229,225
12,1,1,0,1,160,159
10,1,1,1,1,229,228
7,0,0,1,0,221,225
5,1,1,1,0,220,223
11,0,1,1,0,221,225
5,1,1,0,0,204,202
8,0,1,0,0,205,200
6,0,0,1,0,222,224
12,0,1,0,1,223,227
11,0,0,1,0,220,212
4,0,1,1,1,221,222
9,1,1,0,0,201,202
6,1,0,0,1,213,204
8,0,1,1,1,224,229
8,1,1,0,1,232,231
8,1,1,1,0,228,227
9,1,0,1,0,222,218
12,0,0,0,1,248,241
9,0,0,0,1,150,147
10,0,0,1,1,222,220
11,0,0,1,0,224,222
5,0,1,1,1,222,216
5,1,0,0,1,249,244
5,1,1,1,1,222,222
10,1,1,0,1,198,194
5,1,1,0,1,249,246
7,0,0,0,0,191,182
9,0,0,0,1,202,207
8,1,0,1,1,223,216
6,0,1,1,0,220,223
4,0,0,0,1,211,208
5,0,0,1,0,222,224
11,0,0,0,0,202,201
7,0,0,0,0,182,181
11,1,0,0,0,224,226
5,1,0,1,1,226,223
8,0,1,1,0,224,221
12,1,1,1,0,221,214
12,0,1,0,0,213,204
11,0,0,0,0,205,207
7,1,0,1,1,223,225
6,1,0,1,0,224,226
7,0,0,1,1,225,226
12,1,1,1,0,220,221
4,1,0,1,0,226,223
12,1,0,0,0,169,173
4,0,1,0,0,241,237
10,1,1,0,1,182,173
12,0,1,0,0,226,221
6,1,1,0,0,152,143
10,1,0,0,1,185,189
10,0,1,0,1,198,191
10,0,0,1,0,222,214
9,1,1,0,1,161,165
5,0,0,0,1,199,196
8,0,0,1,0,220,220
10,1,1,1,1,220,215
9,1,1,1,0,228,229
7,0,0,1,1,222,215
6,1,1,1,1,228,225
8,0,0,1,0,229,227
11,0,0,0,0,166,158
12,0,1,0,0,234,234
12,1,1,1,0,226,219
11,0,0,0,1,216,211
9,0,0,1,1,220,213
10,1,0,0,0,204,204
10,1,0,0,0,215,208
12,1,0,1,0,221,222
12,0,0,1,1,226,221
11,1,1,1,1,221,212
12,0,1,1,1,224,220
12,1,0,0,1,222,218
5,0,0,1,1,224,222
12,1,1,1,1,226,230
9,1,1,1,0,224,229
4,1,0,0,1,197,191
10,1,0,1,0,228,228
6,1,1,1,1,224,227
5,0,0,0,1,209,203
5,0,1,1,0,229,233
9,1,0,1,1,225,216
10,1,1,0,1,212,212
9,0,1,0,1,162,155
7,0,1,0,1,182,179
9,1,1,1,1,229,233
9,1,1,0,0,233,235
6,1,0,0,0,203,208
10,0,0,1,1,227,227
8,0,0,0,0,216,207
9,0,1,1,0,228,232
12,0,1,1,1,229,220
6,1,0,0,1,233,227
4,1,0,1,0,229,230
5,0,1,1,0,220,218
9,0,0,1,1,222,221
12,0,1,0,1,204,209
9,1,0,0,1,154,145
4,1,1,1,1,227,223
9,1,1,0,1,151,142
9,1,0,0,1,220,223
11,1,0,1,0,226,225
9,1,0,0,0,187,179
4,0,0,0,0,223,221
8,1,1,1,0,227,226
6,0,0,0,1,161,152
9,1,1,1,0,226,228
7,1,1,0,0,167,163
11,0,1,0,0,241,239
7,0,0,0,1,203,197
10,0,0,1,0,224,224
5,1,0,0,1,246,250
9,0,1,1,1,228,226
6,1,0,1,0,228,220
9,0,1,1,1,223,217
10,1,0,1,0,220,220
8,1,0,0,0,163,159
10,1,1,1,0,223,222
8,0,1,1,1,221,219
4,0,1,1,1,228,228
4,0,0,1,0,221,218
6,0,0,0,0,233,232
5,1,0,0,1,232,230
7,0,0,0,0,161,163
5,0,1,1,0,222,219
12,1,0,1,0,225,226
4,1,1,0,1,201,199
7,0,1,0,1,169,168
9,1,0,1,0,224,216
4,0,0,1,0,225,217
5,1,1,1,1,228,219
8,0,1,0,1,230,228
4,0,0,1,1,225,216
8,1,0,1,1,229,220
10,1,1,0,1,235,234
12,0,0,1,0,223,214
7,0,1,1,0,222,226
10,0,1,0,1,230,226
4,1,1,0,1,197,191
5,1,0,0,0,179,178
9,1,0,1,0,222,215
5,1,1,1,1,226,231
4,0,0,1,1,221,219
6,0,0,1,1,224,224
6,1,0,1,1,222,227
10,0,0,0,1,203,205
10,1,0,1,0,225,218
12,0,0,1,1,228,219
4,0,0,0,0,156,151
9,1,0,1,1,227,222
8,0,1,0,1,164,160
9,0,0,0,1,158,159
7,0,1,0,0,204,195
5,1,0,0,1,212,211
6,0,1,0,1,162,153
4,0,0,0,0,208,209
7,0,1,0,1,201,206
5,1,1,0,0,191,194
7,1,0,1,1,225,221
11,1,0,1,1,221,212
7,1,0,1,0,220,222
8,0,1,0,0,240,234
12,0,0,1,0,222,220
9,1,0,1,0,225,221
11,1,1,1,1,228,230
5,0,1,1,0,229,222
4,0,0,1,0,221,222
11,1,0,0,1,163,162
8,1,0,0,0,171,175
7,1,0,0,1,222,226
8,1,0,0,1,241,233
12,1,1,1,1,224,218
8,0,0,0,1,232,227
8,0,0,0,0,223,221
7,1,0,1,1,220,218
7,0,1,0,1,160,163
11,1,0,0,1,168,162
6,0,1,1,1,229,222
8,1,1,0,0,160,154
11,1,1,0,0,171,167
4,1,0,1,0,228,229
8,1,1,1,0,225,230
10,0,0,1,0,222,215
12,1,0,1,0,222,214
5,0,1,0,0,223,224
10,1,0,1,1,220,223
10,0,1,0,0,179,183
10,1,0,0,1,210,202
11,1,1,0,1,223,226
6,1,1,0,0,167,168
10,0,1,1,0,224,219
5,0,1,0,1,161,152
9,1,1,1,1,224,224
9,0,0,1,0,225,222
7,1,0,1,1,221,223
12,0,1,0,1,150,154
5,0,1,1,0,220,225
7,1,1,1,1,228,232
7,1,0,0,0,199,193
7,0,1,1,1,228,229
12,0,0,1,1,223,214
6,0,0,1,0,221,221
4,0,0,1,0,221,223
5,1,1,1,0,225,228
9,0,0,0,1,218,213
6,1,0,1,1,223,220
9,1,0,1,1,227,231
7,1,0,0,0,198,199
12,0,0,1,0,228,227
6,0,1,1,1,223,228
8,1,1,0,1,163,154
9,1,1,1,1,227,228
5,1,1,1,1,227,222
11,0,0,1,0,227,231
11,0,0,1,0,225,224
8,0,0,0,1,212,209
11,1,1,0,1,162,157
11,0,0,1,0,228,228
9,0,1,1,1,227,223
10,0,0,0,0,212,203
7,0,1,0,0,208,202
8,0,0,0,0,186,177
11,0,1,0,0,151,147
9,0,0,0,0,166,157
7,0,1,1,1,226,227
10,1,1,1,1,223,215
4,1,0,1,0,222,222
9,0,0,1,1,227,231
5,1,0,1,0,228,229
9,1,0,0,0,168,161
5,1,1,1,0,224,222
10,1,1,0,0,205,204
6,1,1,0,0,153,157
6,0,0,1,1,220,224
5,0,0,0,0,177,177
7,1,0,0,0,243,238
4,0,1,0,1,210,205
8,1,0,1,1,224,216
12,0,1,1,0,226,227
10,0,0,1,0,223,214
11,1,1,0,0,246,245
10,1,1,1,0,225,217
9,1,1,0,0,170,162
10,0,0,0,1,204,204
12,0,1,1,0,228,229
7,1,0,0,1,216,213
9,0,0,1,0,228,231
4,0,1,1,0,223,221
10,1,0,0,0,246,242
11,1,1,1,0,225,218
9,0,0,0,0,243,237
4,1,1,1,1,225,221
10,0,0,0,1,189,189
5,0,0,0,1,187,182
5,0,1,1,0,220,214
8,1,0,0,0,212,206
11,1,0,0,0,193,187
6,1,0,0,0,215,211
6,0,0,0,0,154,155
7,1,1,0,1,243,235
10,0,0,1,0,229,222
8,1,1,1,0,224,217
4,1,1,1,0,220,211
7,1,0,0,0,172,167
6,1,1,0,0,249,245
7,0,0,1,0,228,229
7,1,1,1,0,224,219
12,1,0,1,0,229,223
8,1,0,1,0,227,218
9,0,0,0,0,211,209
12,1,1,1,0,220,219
6,0,1,0,1,196,187
8,0,0,1,1,225,219
7,0,0,1,1,226,223
10,1,1,0,0,237,230
5,0,1,1,1,221,221
9,0,1,1,1,225,218
12,1,0,0,1,240,231
7,1,1,1,1,227,226
4,1,0,1,1,220,211
12,1,1,0,0,238,232
11,1,0,1,0,228,219
10,0,1,0,1,233,228
7,1,1,0,0,232,227
9,1,0,0,0,234,237
6,1,1,1,1,226,221
6,1,1,0,1,247,249
11,0,0,1,0,221,213
6,1,1,1,1,223,215
6,1,0,1,1,222,215
7,1,1,0,1,215,207
8,0,0,0,1,152,146
4,1,0,0,1,158,163
12,0,0,1,1,224,217
9,0,0,0,0,205,200
10,1,1,1,1,228,223
12,0,1,1,1,226,223
12,0,0,1,0,228,222
5,1,1,0,1,156,147
5,1,1,1,1,229,226
4,1,0,0,1,194,199
12,0,1,0,0,176,167
11,0,0,0,1,199,201
9,0,1,0,1,209,202
10,0,0,1,1,226,229
4,0,1,1,0,222,225
5,0,1,1,1,228,223
5,0,1,0,1,230,235
6,0,0,1,1,224,223
4,0,0,0,1,220,224
6,1,1,1,1,226,218
6,0,1,0,0,243,244
11,1,0,0,1,238,233
8,0,1,1,0,221,217
11,1,0,0,0,218,223
5,1,0,1,1,222,220
8,1,0,0,0,243,244
7,1,0,0,1,235,227
10,1,1,1,1,223,226
11,0,1,1,1,222,222
5,0,0,1,0,227,222
6,1,0,0,0,193,194
10,0,0,1,0,221,224
6,0,0,1,1,224,229
9,0,1,0,0,164,169
9,1,1,0,1,186,183
10,0,1,0,0,210,207
8,0,0,0,1,192,193
7,1,0,0,0,197,199
11,0,0,1,0,227,222
5,1,0,0,1,150,154
6,1,1,0,0,192,193
4,1,0,0,1,248,240
8,0,1,1,0,229,231
4,0,1,0,1,189,190
7,1,1,1,1,229,225
12,0,0,0,1,222,220
9,0,1,1,0,220,215
11,1,0,0,0,247,252
5,0,1,1,1,223,225
11,0,0,1,1,220,221
11,1,0,0,1,167,169
8,0,1,0,0,156,160
11,0,1,1,1,227,223
7,1,0,1,1,223,227
7,1,1,0,0,199,199
10,1,0,0,0,187,191
8,1,0,1,0,226,228
4,1,0,0,0,200,202
5,0,0,1,0,226,226
4,1,0,1,1,221,218
6,0,0,0,1,233,224
9,1,0,0,0,184,189
6,0,1,1,1,223,220
9,0,1,1,0,222,214
7,0,1,0,1,170,173
4,0,0,0,0,245,242
6,1,0,1,1,226,222
4,0,0,0,1,188,185
8,0,1,0,1,194,190
4,1,0,0,0,188,186
10,1,0,1,0,224,225
5,0,1,1,1,220,216
7,0,1,0,1,237,230
9,0,1,0,1,190,195
10,1,0,1,0,223,217
8,1,1,0,1,167,169
10,0,0,1,1,224,222
12,0,1,1,1,221,219
12,0,0,1,0,220,225
8,1,0,1,1,224,217
8,1,0,1,1,221,226
11,0,1,1,0,226,230
10,1,0,1,0,228,228
12,1,0,0,1,194,185
5,1,0,1,0,228,229
6,1,0,1,0,228,223
12,1,0,0,1,211,212
4,0,1,1,0,224,223
6,1,0,0,1,183,185
9,0,1,0,0,228,232
8,1,1,0,1,163,161
10,0,0,0,0,182,179
12,1,1,1,0,228,222
5,0,0,0,0,198,190
12,0,0,1,0,222,217
8,1,0,0,1,164,163
7,0,0,0,1,238,229
7,0,0,0,0,248,249
9,1,0,1,1,226,229
9,1,0,1,0,226,217
5,0,1,0,0,235,230
12,0,0,1,0,221,221
5,0,1,1,1,221,220
6,1,0,0,1,188,187
10,0,0,0,0,186,185
5,1,1,1,1,223,217
6,0,0,1,0,220,220
11,0,1,1,0,228,228
10,0,0,1,1,227,226
5,1,0,1,1,229,233
10,0,1,1,0,220,216
11,0,0,0,1,193,194
12,1,1,1,1,222,227
9,0,1,1,0,220,220
4,0,0,0,1,230,222
5,1,1,1,0,223,220
9,0,0,1,1,225,226
11,0,1,0,0,165,165
12,1,0,1,1,225,216
7,1,0,1,0,220,215
7,0,1,1,1,224,215
7,0,1,0,1,160,162
5,0,1,1,1,221,221
8,1,0,0,1,242,234
11,1,1,1,0,225,224
5,1,1,1,1,222,217
7,1,0,0,0,203,200
8,1,0,0,1,213,214
10,1,1,0,1,232,229
6,1,0,1,1,227,225
11,1,0,1,0,227,225
5,1,1,0,0,162,155
11,0,0,0,0,224,226
7,0,1,0,0,157,162
4,0,1,1,1,227,219
12,1,1,0,1,204,205
10,0,1,0,1,165,164
11,0,1,0,1,150,155
10,0,1,0,1,218,220
5,0,1,0,0,177,182
5,0,0,1,0,229,228
7,1,0,0,0,173,175
6,0,0,1,1,229,224
9,0,0,1,0,222,226
7,0,0,1,1,228,219
5,0,1,1,0,220,221
5,1,1,0,1,225,230
5,1,1,1,1,228,219
6,0,1,1,0,227,219
9,1,0,1,1,226,223
7,1,1,0,1,161,160
4,1,1,0,0,202,203
7,0,1,1,1,221,225
7,0,0,1,1,228,225
8,0,0,0,0,154,150
8,0,0,1,1,226,225
12,1,0,1,1,226,227
6,0,1,0,1,160,163
8,1,1,1,0,225,228
12,1,0,0,1,209,209
4,0,0,1,0,222,221
6,1,0,0,0,244,240
5,1,1,0,0,205,200
9,0,1,0,0,249,244
8,1,0,0,1,229,229
8,0,0,1,1,225,227
9,1,0,0,1,207,198
5,0,0,0,0,170,170
4,0,0,0,0,192,184
8,0,1,1,0,224,220
6,1,1,1,0,227,225
5,1,0,1,0,221,225
9,1,0,1,0,223,226
8,0,1,0,0,174,169
8,0,1,1,0,223,220
9,1,1,1,1,227,232
7,0,1,1,1,226,227
11,0,1,1,1,221,225
8,1,1,1,0,220,220
12,0,1,0,1,240,236
6,0,0,0,0,226,225
8,1,1,0,0,248,248
12,0,1,1,1,228,228
11,0,1,1,1,226,222
4,0,1,1,1,224,216
12,0,0,1,0,223,217
5,1,1,0,0,196,190
4,0,0,1,0,223,218
5,0,0,1,0,227,222
6,0,0,0,1,248,247
8,1,0,1,1,229,230
10,0,1,1,0,224,226
7,1,0,1,0,223,224
6,1,1,1,1,222,219
12,0,0,1,0,226,228
10,1,0,0,0,150,145
5,0,0,1,1,223,219
11,0,0,0,0,211,215
5,1,0,0,1,213,216
4,1,1,0,1,196,189
8,1,1,1,0,221,217
12,1,1,1,1,224,225
11,1,1,0,0,185,178
10,1,0,0,0,222,214
8,1,1,1,1,222,213
7,0,0,0,1,196,196
9,0,1,1,1,227,226
7,0,1,0,0,206,201
4,1,0,1,0,222,227
9,0,0,0,0,229,230
7,0,1,0,0,207,209
4,0,0,1,1,226,227
8,0,0,1,0,222,225
5,1,0,0,0,173,165
7,0,1,1,0,222,222
10,1,1,1,0,222,214
11,0,1,0,0,232,235
9,0,0,0,0,195,191
6,1,1,0,1,245,244
8,0,0,1,1,220,219
10,1,1,1,0,225,225
12,1,1,0,1,208,211
6,1,1,0,1,196,192
11,1,0,1,0,226,220
12,0,0,0,0,211,208
4,1,0,0,0,230,221
12,1,0,0,0,170,170
4,1,0,1,1,228,222
7,0,0,0,0,173,171
7,1,0,0,0,210,207
4,1,1,0,0,231,231
4,0,0,0,1,228,222
10,1,1,0,1,167,166
5,1,0,1,1,220,216
12,1,1,0,0,180,179
10,1,0,0,0,206,199
5,0,1,1,1,228,231
12,1,1,1,0,221,215
10,1,1,1,1,221,223
5,1,1,1,1,227,224
9,0,0,1,1,222,221
10,1,1,1,0,226,227
10,1,0,0,1,214,214
9,0,1,0,1,176,181
10,0,0,0,1,233,232
8,0,0,0,1,236,231
9,1,0,0,0,240,236
7,0,1,1,0,229,221
5,0,0,0,0,173,173
11,0,1,1,0,222,221
6,1,1,0,0,240,242
5,1,1,0,0,245,239
6,1,1,0,1,237,230
6,1,1,1,1,222,213
12,0,1,1,1,228,224
4,1,0,1,1,226,223
4,0,0,1,0,228,224
10,1,0,1,0,220,221
6,1,0,0,0,207,208
11,0,0,1,0,229,221
9,1,0,1,1,223,216
6,1,1,1,0,221,212
4,1,1,1,0,226,222
7,1,1,1,1,222,221
4,0,1,1,1,225,225
12,1,1,1,0,229,228
12,0,0,0,0,160,153
11,0,1,0,1,188,184
7,0,1,0,0,186,191
11,1,1,0,1,172,164
11,1,1,0,1,209,206
11,0,1,0,1,165,159
5,0,0,0,1,213,213
9,1,1,0,0,187,179
9,1,1,0,1,200,200
4,1,1,0,1,163,168
11,0,1,0,0,213,206
6,0,0,0,1,190,193
6,0,1,0,1,169,166
6,0,0,1,0,226,230
6,0,1,1,0,221,212
4,1,1,0,0,177,169
6,0,1,0,0,159,164
12,0,1,1,0,228,226
7,1,1,1,0,227,230
8,0,0,1,0,226,225
9,0,0,1,1,222,218
5,0,1,1,0,222,226
11,0,0,0,1,167,161
10,1,0,1,1,226,224
9,1,0,1,1,220,217
10,0,1,0,1,229,228
5,0,1,0,0,236,237
9,0,1,1,1,224,227
9,1,1,1,1,220,217
7,0,0,0,1,214,209
9,0,0,0,0,167,158
10,0,1,1,0,227,222
4,0,1,1,1,228,230
9,1,0,0,1,222,225
12,0,0,0,1,199,190
5,1,1,0,1,150,151
5,1,1,1,1,220,225
9,1,0,1,1,222,221
11,0,0,0,1,231,236
4,1,0,0,0,207,206
5,0,1,1,1,225,219
8,0,1,1,0,229,222
7,1,1,0,0,154,147
8,1,0,0,0,233,234
4,1,0,0,0,199,196
7,1,0,1,0,227,220
12,0,1,1,0,225,220
9,0,0,0,1,200,191
5,0,0,1,1,224,222
5,0,1,0,0,200,195
7,0,1,0,0,230,235
4,1,1,0,0,150,148
7,1,1,1,1,225,227
12,1,0,1,1,229,234
9,0,1,0,0,182,176
12,1,0,1,0,221,218
9,0,1,0,0,164,158
12,1,1,0,1,179,176
12,1,0,0,1,179,174
12,0,0,1,0,227,220
5,0,0,1,0,226,221
12,0,1,1,0,226,222
7,0,0,1,0,226,223
9,1,0,0,1,186,178
6,0,0,0,1,210,204
9,1,0,1,0,226,225
7,0,0,0,0,191,184
7,1,1,0,1,210,202
4,1,0,1,1,228,222
12,1,0,0,1,231,227
11,1,1,1,1,224,217
7,1,1,0,0,180,180
8,1,0,1,0,226,226
8,0,0,1,1,221,217
10,0,0,1,1,223,223
4,1,0,0,1,192,195
12,1,0,0,1,231,236
8,1,0,0,1,166,161
9,0,1,1,1,225,218
7,1,1,1,0,228,226
6,1,0,1,0,225,220
11,1,0,1,1,220,220
11,0,0,0,1,248,253
10,1,0,0,1,246,244
6,1,1,0,0,242,240
12,1,0,0,1,153,151
5,1,1,1,0,224,227
9,1,1,1,0,223,227
4,0,0,1,1,223,217
4,0,1,1,0,224,223
4,0,0,0,1,170,172
10,0,1,1,0,227,222
12,0,1,1,1,227,218
8,0,0,1,0,220,220
10,1,0,0,0,171,169
11,0,0,0,1,169,174
9,0,0,1,0,220,224
8,0,0,1,0,227,219
4,1,1,0,1,198,199
9,0,1,1,0,222,222
10,1,1,0,1,172,177
9,1,0,1,1,228,222
7,0,1,0,1,161,163
4,1,0,1,0,228,231
12,0,1,1,1,224,221
6,0,0,1,0,225,222
9,1,0,0,1,222,216
12,1,0,0,1,203,207
12,1,1,0,1,177,182
5,1,1,1,1,221,212
11,1,1,0,1,233,227
10,0,0,0,0,220,223
4,0,0,0,1,244,236
7,0,0,0,0,241,246
8,1,1,1,0,226,219
4,0,0,1,0,220,214
7,1,1,1,0,222,213
12,1,0,1,0,227,218
5,1,1,0,1,235,228
5,1,1,1,0,226,221
12,0,1,1,0,222,215
4,1,1,1,0,221,218
5,0,1,0,0,160,164
6,0,0,1,0,221,226
12,0,0,0,0,218,217
7,0,1,0,0,185,187
5,1,0,1,1,221,218
5,0,1,0,0,233,238
12,1,1,0,1,179,180
10,0,0,1,0,227,226
10,1,1,1,0,227,232
8,0,0,1,1,220,215
12,0,0,1,0,222,215
5,0,0,0,1,162,158
8,0,1,0,0,212,214
8,1,1,0,1,204,197
6,1,0,0,1,247,252
7,0,0,1,1,220,224
9,0,1,0,1,233,232
6,1,1,0,0,171,163
11,0,1,0,0,235,231
6,0,0,1,0,229,230
5,1,0,0,1,202,197
8,0,0,0,1,219,215
6,0,1,1,1,223,224
12,0,0,1,0,226,222
10,1,1,1,1,227,228
10,1,0,0,0,165,161
7,0,0,1,0,228,230
9,1,0,1,1,225,224
10,0,1,1,0,221,219
4,0,0,0,0,229,228
12,0,1,1,0,228,226
12,0,0,0,1,205,202
9,0,1,1,1,228,222
11,1,0,0,1,213,214
11,0,0,0,0,247,246
8,0,1,0,0,199,193
4,1,1,1,0,226,227
5,0,1,1,1,222,217
10,0,0,1,1,223,224
5,1,1,1,0,223,214
7,1,0,0,0,170,161
8,0,1,0,1,247,243
4,1,0,0,0,171,176
11,1,0,0,0,237,234
12,1,1,1,0,223,226
11,0,0,1,0,220,219
4,0,0,0,1,233,231
5,0,0,1,1,224,218
12,1,1,1,0,227,222
8,1,1,0,0,207,209
7,1,1,0,1,199,196
12,0,1,0,1,224,221
11,1,1,1,1,226,223
12,1,1,1,1,224,222
11,1,0,1,1,226,221
6,1,1,1,1,224,223
12,1,0,0,0,221,213
10,1,0,1,0,229,225
8,0,0,1,1,224,215
10,0,0,1,0,229,233
4,1,0,0,1,224,223
12,1,1,0,0,163,160
9,1,1,1,1,225,227
4,1,0,1,1,224,215
8,1,0,0,1,156,160
10,0,1,0,1,183,185
6,0,1,1,0,223,227
4,0,1,0,0,169,170
9,1,1,0,0,214,206
7,0,1,0,1,240,232
9,0,1,1,0,229,231
5,0,0,1,1,222,219
10,0,1,0,1,193,192
4,0,1,0,1,196,191
9,0,0,1,0,220,211
5,1,1,1,1,221,219
4,1,0,1,1,222,223
11,1,1,1,1,228,231
12,1,1,0,1,155,157
5,0,0,1,0,220,220
10,1,1,1,0,229,220
7,0,1,1,0,221,216
9,1,1,0,1,225,228
10,0,0,1,0,223,215
6,0,0,0,1,153,156
12,1,0,1,0,222,224
8,0,0,1,0,226,219
8,0,1,1,0,220,215
9,1,1,0,1,217,211
9,1,0,0,0,241,239
10,0,0,1,0,227,230
5,1,1,0,1,205,200
11,0,1,1,0,226,223
12,0,1,1,1,220,225
9,1,0,1,1,220,224
7,0,0,1,1,226,218
6,1,1,0,0,237,228
9,0,1,1,1,224,228
4,1,1,0,0,194,187
8,0,0,1,0,227,221
7,0,1,0,0,237,240
9,0,0,1,1,222,215
8,0,1,0,1,179,182
8,0,1,0,0,233,230
10,1,1,0,0,234,227
6,0,0,1,0,225,230
12,0,1,0,0,191,190
4,0,1,1,1,220,223
6,1,1,0,1,182,176
7,0,1,1,0,223,228
10,0,0,0,1,241,238
10,1,0,0,1,234,226
6,0,1,0,1,195,198
10,1,1,0,0,191,185
6,0,1,0,0,180,185
6,0,1,1,1,226,225
7,1,1,1,0,226,224
5,0,1,0,1,212,209
11,1,0,0,1,231,222
5,1,1,1,1,220,219
6,1,0,1,0,222,215
5,0,1,1,1,228,219
12,0,1,0,0,242,240
6,0,1,0,1,178,170
5,1,0,1,0,220,218
9,0,0,1,1,220,221
11,1,1,1,1,226,217
10,0,0,0,0,224,225
10,1,0,1,1,220,221
7,0,0,0,1,231,233
5,0,1,0,1,202,200
7,0,0,0,0,234,234
4,1,0,1,0,220,219
9,1,0,1,0,220,214
8,1,1,1,1,220,217
4,1,1,1,0,226,219
8,1,0,1,0,228,226
7,1,1,0,0,224,224
4,0,0,1,0,227,222
7,0,0,1,1,221,223
7,0,1,0,0,249,247
6,1,1,0,0,230,229
10,0,0,1,1,223,220
5,1,1,0,1,165,156
4,0,1,0,1,156,155
9,0,1,1,1,226,221
11,0,1,1,1,226,217
7,1,0,0,0,180,177
10,1,1,0,0,189,192
6,1,0,0,1,153,158
7,0,1,1,1,229,226
6,0,1,1,0,222,217
7,1,1,1,0,225,217
9,1,0,1,1,220,211
11,0,0,1,1,226,227
7,1,0,1,1,220,214
8,0,1,1,0,222,219
10,0,1,1,0,223,221
5,0,1,0,1,185,186
12,0,0,0,1,241,236
7,0,0,0,0,162,154
12,1,0,1,1,223,223
11,1,0,0,0,197,201
5,1,1,1,0,226,217
8,1,1,1,1,225,221
8,1,0,0,1,152,150
6,0,0,1,0,221,215
5,1,1,0,1,213,208
12,0,0,0,1,160,162
12,1,1,1,1,227,231
8,0,0,0,0,229,234
9,0,1,1,0,227,221
5,1,1,1,0,229,229
11,0,0,1,1,229,234
10,0,0,0,0,233,229
12,1,0,1,0,222,217
6,0,0,0,0,227,220
7,0,0,0,1,209,213
7,0,0,1,0,222,214
12,1,0,0,1,177,168
8,0,0,0,1,246,240
12,1,1,0,0,182,180
10,1,1,1,1,229,222
7,1,0,1,0,223,225
6,1,1,1,0,227,231
10,0,0,1,1,223,221
5,1,0,0,1,210,210
11,0,0,1,0,220,225
5,1,1,1,1,229,233
12,0,0,1,0,224,229
6,0,1,1,1,227,225
4,1,1,0,1,216,221
12,1,0,0,0,215,213
10,0,0,0,0,244,244
5,1,1,0,1,188,189
6,1,0,1,1,227,219
12,1,0,0,1,158,151
10,0,0,0,1,239,244
7,1,0,1,0,226,230
12,1,1,1,0,229,224
8,0,1,0,1,209,207
7,0,1,1,0,224,218
7,1,1,1,0,222,224
11,1,0,0,0,178,177
8,0,1,1,0,221,223
9,1,0,1,0,224,226
5,0,0,1,0,227,224
7,1,1,1,0,222,215
7,1,0,1,1,225,227
7,1,1,0,1,210,212
6,1,1,0,1,189,188
8,0,0,0,0,189,188
4,1,1,1,1,222,218
8,0,0,1,0,226,231
10,1,1,0,1,241,237
10,1,0,1,0,229,227
9,0,1,1,0,224,218
4,1,0,0,1,244,245
10,0,0,0,1,246,238
7,1,1,1,0,222,218
4,0,1,0,0,239,231
6,1,1,0,1,248,248
6,1,1,1,0,222,221
11,0,1,1,1,227,229
5,0,0,1,1,229,225
7,1,0,1,1,224,219
4,0,1,1,1,225,222
4,0,1,0,1,239,230
8,1,1,0,0,158,153
4,1,1,1,1,224,222
12,0,0,0,0,232,231
12,1,1,1,1,227,224
12,0,1,1,0,221,213
8,0,1,1,1,229,220
5,0,0,0,1,185,187
5,1,1,1,1,222,224
6,1,1,0,0,197,201
12,0,0,0,0,160,153
4,0,1,0,1,213,211
12,1,1,1,1,224,221
7,0,1,0,0,202,194
11,0,1,0,0,228,229
7,0,1,1,1,228,226
7,0,0,1,0,222,215
7,1,0,1,1,227,224
4,0,1,0,0,247,250
10,1,1,1,1,220,212
8,1,1,0,0,247,242
5,0,1,0,0,184,183
5,1,0,1,1,228,223
5,1,1,1,1,225,219
7,1,0,1,0,225,216
9,0,0,0,0,208,213
7,0,0,1,0,223,214
6,0,1,1,1,222,226
6,1,0,0,1,195,188
11,1,0,1,1,226,228
8,0,1,1,0,220,211
9,1,1,1,1,222,214
9,1,1,0,0,220,218
12,1,0,1,1,229,230
11,0,0,0,1,235,231
6,0,1,1,0,226,222
12,1,1,0,0,174,167
7,1,0,0,0,215,213
6,0,1,1,1,227,230
7,0,1,0,0,153,145
12,0,0,0,0,174,171
5,0,1,0,0,241,236
11,1,0,0,1,185,176
5,0,1,0,0,202,196
9,0,1,1,1,221,222
4,0,0,1,1,223,226
10,0,1,0,0,225,228
6,0,0,0,1,236,239
8,1,1,0,0,158,160
11,0,1,1,1,221,212
7,1,0,1,1,221,217
7,1,1,1,1,229,223
12,1,0,0,1,241,232
4,1,0,1,1,220,225
8,0,0,0,1,239,234
11,0,0,0,1,152,152
7,0,1,1,1,227,230
9,0,1,1,0,227,222
12,1,1,1,0,227,228
11,1,0,0,1,242,241
4,1,1,0,1,178,174
5,0,1,1,0,225,219
7,0,0,0,1,169,161
4,0,1,1,1,226,217
9,1,0,1,0,226,231
9,0,0,0,1,185,187
9,0,1,0,0,196,192
10,1,1,0,0,178,176
8,1,0,1,1,225,228
9,0,1,0,1,168,171
9,0,1,0,0,195,190
5,0,0,0,1,203,203
10,1,1,0,0,229,223
6,0,0,0,0,202,200
11,0,1,1,0,228,226
5,1,1,0,1,196,190
6,0,0,1,0,226,224
10,1,1,0,1,235,232
6,1,1,0,0,172,167
5,0,0,1,1,223,215
6,0,1,0,0,203,198
12,1,0,1,1,222,227
4,0,0,1,0,226,226
8,1,1,1,0,226,225
4,1,0,0,0,194,197
6,1,1,0,0,193,192
6,1,0,1,1,226,228
7,0,1,0,0,242,247
4,0,1,1,0,223,222
5,1,1,1,0,228,225
7,1,0,1,0,225,230
7,0,1,0,0,174,177
4,0,0,1,1,222,222
4,1,0,1,1,228,231
5,0,0,1,0,226,219
7,0,0,0,1,198,202
5,1,0,1,0,221,218
4,1,0,0,0,185,179
4,1,1,0,0,218,217
8,1,0,1,1,224,226
12,1,1,1,0,228,229
5,0,0,1,1,225,219
7,0,1,0,0,157,153
5,0,0,1,1,225,220
5,1,0,1,0,223,214
6,1,1,0,1,246,239
11,0,1,1,0,225,226
4,1,1,1,0,229,230
8,1,0,0,1,162,163
11,1,1,1,1,224,219
9,0,1,0,0,190,191
7,0,1,0,0,172,175
4,0,1,1,1,221,215
7,0,1,0,0,181,185
10,0,1,1,1,227,228
9,0,0,1,1,227,229
8,1,1,1,0,224,227
8,1,1,0,0,170,169
8,0,1,1,1,222,219
5,1,1,0,0,172,171
8,1,0,0,1,225,226
8,1,0,0,0,191,194
10,0,0,0,0,208,205
6,1,0,1,1,226,225
10,0,0,0,0,162,162
5,1,0,1,0,223,224
7,0,1,1,1,227,230
10,0,1,1,1,222,226
7,1,1,0,0,225,230
12,1,1,1,0,223,224
6,1,1,1,1,221,216
8,1,1,1,0,221,217
6,0,0,1,1,223,224
11,1,0,0,1,246,251
11,0,0,0,0,213,216
9,1,0,0,0,238,242
8,1,0,0,1,225,222
7,1,1,1,0,229,234
8,0,1,0,0,224,226
8,0,0,0,0,223,218
6,0,0,0,0,234,227
10,1,1,1,0,221,212
10,0,0,0,1,161,163
8,1,0,1,0,222,224
5,0,0,0,1,214,208
4,1,0,0,1,236,240
7,1,1,1,1,227,227
9,1,1,1,0,225,226
9,0,0,0,0,168,167
9,0,0,0,1,152,155
8,1,0,0,0,195,199
12,1,0,0,1,198,203
6,0,0,1,0,227,223
11,0,1,1,0,224,223
11,1,1,1,1,224,222
8,0,1,1,0,220,212
10,0,0,1,0,222,216
8,1,0,0,0,193,187
9,1,0,0,1,178,176
9,1,0,0,1,162,162
7,1,1,1,1,222,214
11,0,1,0,0,179,172
6,1,1,1,0,221,214
6,0,0,0,1,182,186
12,0,0,1,0,229,224
8,0,0,0,1,207,199
6,0,0,1,1,221,220
8,1,0,0,1,195,199
5,1,0,1,1,226,231
11,1,1,0,0,224,224
10,1,0,0,1,212,211
7,1,0,1,0,226,228
7,1,0,0,0,222,224
4,1,1,1,0,229,228
6,0,1,0,0,180,175
11,1,1,0,0,210,206
11,0,0,0,0,196,196
10,1,1,1,0,227,218
8,1,1,0,1,187,189
12,0,0,1,1,220,224
5,1,0,1,0,223,215
6,1,1,1,0,227,221
5,1,0,1,0,223,227
9,0,1,0,0,217,208
6,1,1,0,0,163,162
6,1,1,1,0,226,223
11,1,1,1,1,223,216
4,1,1,1,1,229,230
10,0,1,1,1,222,213
9,0,1,0,0,175,172
10,1,1,0,1,161,159
7,1,1,1,0,220,211
6,0,0,0,1,240,231
9,1,0,0,0,174,175
4,0,1,1,1,228,229
9,1,1,1,0,223,221
4,0,1,1,1,227,226
7,0,0,1,1,226,219
4,0,0,0,1,225,222
4,1,0,0,0,222,217
12,0,1,0,1,180,185
5,0,0,0,1,209,200
8,1,0,0,1,232,228
4,1,0,1,1,225,219
7,1,1,0,1,245,246
8,1,1,1,1,226,218
6,1,0,1,0,229,228
6,1,0,0,1,231,228
4,1,0,0,0,241,234
6,1,0,0,0,205,202
4,1,1,1,0,220,221
6,1,0,1,0,226,230
6,1,1,1,1,220,221
8,0,1,0,0,166,158
12,0,0,1,0,229,230
8,0,1,0,0,164,163
8,0,0,1,0,222,226
6,0,0,1,1,229,227
10,1,1,0,1,211,207
12,0,1,1,0,229,232
12,1,1,0,0,151,151
9,0,0,1,1,226,219
5,0,1,0,1,219,223
8,0,0,1,0,229,228
10,0,1,1,1,225,223
11,0,1,1,0,226,229
10,1,0,1,1,228,220
5,0,0,1,1,225,228
7,0,1,1,0,224,221
4,0,0,1,1,229,230
5,1,0,0,0,229,224
6,0,1,1,1,224,219
8,0,1,0,1,228,233
7,1,1,1,0,220,216
8,1,1,1,1,220,211
5,1,0,1,0,226,217
10,1,1,1,1,229,223
10,0,1,0,0,243,245
5,0,0,1,1,222,224
5,0,1,1,0,227,232
11,0,1,0,1,241,235
9,1,0,1,0,228,220
12,0,1,0,0,241,235
6,1,0,1,1,221,225
11,0,0,0,0,178,172
4,1,1,1,0,228,221
9,0,0,1,1,228,224
10,1,0,1,0,226,223
8,1,1,0,0,238,243
6,1,1,0,1,237,236
8,1,0,0,0,185,184
5,1,0,0,1,163,156
4,1,0,0,1,208,208
6,1,0,1,1,221,220
12,1,1,1,1,226,231
4,0,0,1,1,222,226
6,1,0,1,0,223,215
8,1,0,1,1,225,224
8,0,1,0,1,226,225
11,1,1,0,0,233,232
11,0,1,0,1,200,204
5,1,0,1,0,221,212
8,0,1,0,1,222,217
11,0,0,1,1,229,225
8,0,0,0,1,204,200
12,1,1,1,1,229,225
10,0,1,0,1,160,160
6,1,0,1,0,221,214
9,0,1,0,0,249,254
6,0,0,1,1,225,220
12,0,1,0,0,186,187
10,1,1,0,1,157,162
7,0,0,1,1,228,219
7,1,1,1,0,224,225
5,0,1,1,1,226,230
10,0,1,0,0,197,196
4,1,0,1,0,228,231
5,1,0,0,1,159,161
7,0,0,0,0,184,178
6,1,1,0,0,224,222
4,0,0,1,0,224,219
12,0,1,1,0,229,232
8,0,0,1,1,228,231
12,0,0,0,1,182,175
9,1,1,0,0,246,238
10,0,0,0,0,202,204
11,1,0,1,0,220,222
10,0,1,1,1,225,230
5,1,0,1,0,220,212
6,0,0,1,0,221,212
11,1,1,0,0,187,188
9,1,0,1,0,225,228
6,0,1,0,0,180,172
6,0,0,0,0,229,233
7,0,0,1,1,223,217
4,1,0,1,1,223,228
7,1,0,1,0,227,218
10,0,1,1,1,221,226
5,1,0,1,1,221,221
10,1,1,0,0,212,217
4,1,1,1,1,229,222
4,1,0,0,0,168,163
5,0,0,0,0,222,218
12,0,1,0,0,162,164
4,0,0,0,1,203,201
7,0,0,0,0,166,170
12,0,1,1,1,220,221
11,1,1,0,0,246,251
10,1,1,1,0,225,217
8,0,1,1,0,227,219
11,0,1,0,1,247,243
9,0,1,1,0,220,214
11,1,0,0,0,157,162
10,1,0,0,0,231,222
7,0,0,0,0,222,218
12,1,1,1,1,223,222
5,1,1,1,1,222,226
10,0,1,1,0,224,225
7,1,1,0,0,199,195
12,1,1,1,0,224,225
7,1,0,1,1,223,219
12,0,1,0,0,193,186
4,1,0,0,1,222,227
4,1,1,1,0,226,225
5,0,0,1,1,225,223
11,0,0,1,1,229,220
9,0,1,1,0,228,222
10,0,1,1,0,224,226
10,0,0,0,1,215,215
4,1,0,0,0,175,166
5,0,1,1,1,223,218
5,0,1,1,1,225,223
11,1,0,0,1,172,175
11,1,0,0,0,183,177
8,1,0,0,1,207,201
10,0,1,1,0,225,223
6,1,0,0,0,196,198
9,0,0,1,1,224,219
11,0,0,0,1,185,188
5,1,0,1,1,223,215
9,1,0,0,1,174,176
7,0,0,0,1,159,152
9,0,1,1,1,222,214
4,1,1,0,0,185,179
12,1,0,1,0,221,217
5,1,0,0,1,233,233
5,1,1,1,0,225,225
4,0,0,0,0,159,161
7,1,1,0,1,168,168
9,0,0,0,0,194,198
12,1,0,1,1,228,225
4,1,1,1,1,228,228
7,0,1,0,0,226,225
6,1,0,0,1,150,142
6,1,0,0,1,178,182
9,0,0,1,0,224,229
5,1,0,0,0,166,158
7,0,0,1,1,224,229
10,0,0,0,0,161,165
12,1,1,0,0,232,233
11,0,1,0,1,247,244
5,1,0,1,0,224,227
6,0,1,1,0,223,219
6,1,1,1,0,220,214
6,0,1,1,0,227,223
10,0,0,0,0,155,159
12,0,1,1,1,229,223
10,1,1,0,0,229,229
6,1,1,0,1,232,229
8,0,0,1,1,222,224
8,0,1,0,1,195,194
5,0,0,0,0,172,171
7,1,1,1,1,226,231
10,0,1,1,0,227,231
12,0,1,1,0,226,226
6,1,0,1,0,222,223
7,1,1,0,1,187,178
8,1,0,1,1,228,230
9,1,0,1,0,224,216
4,1,0,0,0,248,240
8,0,1,1,0,228,220
5,0,0,1,0,222,214
7,1,1,0,0,223,228
4,1,0,0,1,237,228
6,0,1,0,0,242,236
7,1,1,1,0,229,221
4,1,1,0,0,201,193
12,0,1,0,1,174,176
9,1,1,0,1,227,219
10,0,1,0,1,208,212
10,1,0,0,1,191,187
7,1,0,0,1,150,147
7,1,1,1,0,221,217
12,1,1,0,0,222,225
12,1,0,0,1,245,249
4,1,1,0,0,170,161
5,1,1,1,1,227,231
7,0,1,0,0,221,223
8,1,0,1,1,220,221
9,1,1,1,0,226,218
11,1,0,1,1,227,229
10,0,0,1,1,229,220
4,1,1,0,0,245,243
10,0,0,1,0,221,220
7,1,0,1,0,221,223
10,1,0,0,0,189,192
4,1,0,1,1,222,213
7,0,0,0,1,228,229
8,1,1,0,1,222,224
5,0,1,1,0,226,230
12,1,1,1,1,226,221
11,0,0,1,1,227,225
4,0,1,0,0,243,238
12,0,1,0,1,194,193
12,1,1,1,1,225,221
11,1,1,0,1,219,216
6,1,1,1,1,225,224
10,1,1,1,1,222,225
5,0,1,1,1,225,229
8,1,1,1,1,220,213
7,0,1,1,1,221,219
6,0,0,1,1,224,225
12,1,1,0,1,167,162
12,1,0,1,1,228,221
10,0,0,1,1,227,221
8,0,1,0,0,216,221
5,0,0,1,1,223,223
10,1,0,0,1,243,235
12,0,1,0,1,164,158
11,0,0,0,0,153,145
8,0,0,1,0,229,225
9,0,0,0,0,189,184
4,0,1,0,1,194,199
12,1,1,1,1,221,217
12,1,1,0,1,246,250
9,0,0,0,1,194,193
5,1,0,0,1,190,192
11,0,1,1,0,225,216
6,0,0,1,1,226,225
5,1,0,1,1,222,218
10,1,1,1,0,228,232
4,1,0,0,0,225,226
11,1,1,0,1,245,249
10,0,1,0,1,184,179
7,0,1,0,0,185,180
10,1,0,0,1,161,165
8,1,1,1,0,228,230
11,0,0,1,0,229,229
10,0,1,0,0,186,190
10,0,0,1,0,228,219
4,1,1,1,1,221,218
9,1,1,0,0,206,197
12,0,0,1,0,222,213
4,0,1,1,0,223,214
11,1,0,0,0,184,187
12,0,1,1,0,227,222
12,1,0,1,1,229,222
7,1,0,0,0,155,160
12,1,1,1,1,220,216
8,0,1,0,0,187,179
12,1,0,1,0,226,230
5,1,0,0,1,158,153
12,0,1,0,0,227,225
4,1,0,1,1,222,216
8,1,0,0,1,211,216
5,0,1,1,0,226,222
11,0,0,0,0,160,151
5,0,1,0,1,249,245
8,0,0,0,1,233,234
11,0,1,0,1,241,234
5,0,1,0,0,190,194
7,1,1,1,1,227,220
5,1,1,0,1,181,175
12,0,1,1,1,226,226
4,1,1,1,0,227,220
11,0,1,1,0,227,229
12,1,1,0,1,180,180
5,0,1,0,1,183,186
6,1,1,0,1,181,181
9,0,1,0,1,171,173
8,0,1,0,0,245,248
10,0,0,1,0,228,231
11,0,1,1,0,221,216
6,1,1,1,1,229,226
10,1,1,1,1,225,216
8,0,1,0,1,246,238
8,0,1,0,1,190,195
6,1,0,1,0,220,211
4,1,1,1,0,229,231
9,1,1,0,0,161,166
11,0,1,0,1,181,176
11,0,1,1,0,228,233
4,0,1,0,0,202,193
12,0,0,0,0,189,182
11,0,0,1,1,227,222
6,1,0,1,0,229,224
5,1,0,1,1,222,225
12,0,0,0,0,220,221
5,0,0,1,0,229,229
12,0,0,1,0,221,219
6,1,0,1,1,227,227
5,0,0,0,1,167,171
11,0,1,0,0,222,216
7,1,1,1,1,224,229
12,0,1,0,1,241,244
5,1,0,1,1,229,232
8,1,1,0,0,176,173
5,0,0,1,1,221,224
8,0,0,0,0,225,220
11,1,0,0,0,162,156
12,0,1,1,1,225,225
12,1,0,0,0,212,209
11,0,0,1,0,226,230
11,1,0,0,0,214,213
9,1,0,1,1,225,226
8,0,0,0,0,197,188
5,0,0,1,1,225,225
10,1,1,0,0,212,209
6,1,0,1,1,221,214
6,1,0,1,0,222,213
12,0,1,0,1,159,157
6,1,0,1,0,226,229
6,0,0,1,0,222,227
8,1,0,0,1,180,171
8,0,0,0,1,217,221
11,1,0,1,0,224,219
4,0,1,1,1,227,221
7,0,1,0,1,154,151
6,0,0,1,0,221,213
6,0,0,0,1,178,174
12,1,1,0,1,214,218
10,0,1,1,1,226,231
10,0,0,1,0,228,221
4,0,0,1,1,221,214
7,1,0,1,1,222,226
4,0,0,0,1,175,175
4,0,1,1,1,224,216
6,1,0,0,1,184,187
11,1,1,0,1,227,221
5,1,1,1,1,228,228
8,1,0,0,1,192,187
9,1,1,0,1,204,206
4,1,0,0,1,192,184
10,1,1,0,0,208,213
11,0,0,1,1,221,221
8,1,0,1,1,228,223
7,1,0,0,1,204,202
8,0,0,0,0,186,190
10,0,0,0,0,175,166
5,1,1,0,1,241,234
11,1,0,0,1,186,191
12,0,1,1,1,224,229
12,0,1,0,0,167,162
7,0,0,1,1,228,233
7,0,1,0,1,171,170
12,1,1,1,0,226,227
7,0,0,0,0,214,208
4,0,0,1,0,224,227
7,1,1,0,0,209,200
6,1,0,0,1,179,179
10,1,0,0,0,189,189
9,0,0,0,1,187,182
7,0,0,0,1,199,193
7,1,1,1,1,222,225
8,1,1,1,0,227,224
7,0,0,0,0,219,223
11,0,0,0,0,234,231
6,1,1,0,0,211,204
4,1,1,0,0,197,200
7,0,0,0,0,189,189
4,1,0,1,1,229,233
11,1,0,1,0,223,227
4,1,1,0,0,224,222
6,0,1,1,1,229,231
11,1,1,0,0,247,251
5,0,0,1,1,228,226
6,0,0,0,0,218,214
4,1,1,1,0,226,226
4,0,1,0,1,150,144
10,1,0,0,0,196,196
5,0,0,1,0,228,226
10,0,0,0,1,161,162
9,0,1,0,0,192,188
11,0,1,1,1,222,213
10,1,0,1,1,223,221
9,1,1,0,1,169,165
4,1,1,1,0,225,222
8,0,1,1,0,228,228
7,1,0,0,1,180,185
7,0,0,1,1,226,231
12,0,0,0,0,152,157
11,0,0,0,0,241,236
4,0,1,0,1,215,207
9,1,1,0,0,150,145
7,0,0,1,1,228,231
10,0,0,0,1,171,171
11,0,1,1,0,224,216
4,0,1,1,1,229,227
9,0,1,0,0,191,195
5,0,1,1,1,227,218
9,1,1,0,0,227,221
12,1,1,0,1,177,171
7,0,0,0,1,202,197
9,0,1,0,1,193,194
8,1,1,0,1,162,156
7,1,0,1,1,227,218
12,0,1,1,0,226,223
11,1,0,1,0,227,226
10,1,1,0,1,209,203
7,1,1,1,0,226,228
11,0,1,1,0,225,222
8,1,1,1,0,223,215
11,0,0,0,1,190,185
6,1,1,0,0,219,219
8,0,0,1,0,221,223
11,1,0,0,0,179,174
11,1,0,1,1,229,228
9,0,1,1,0,226,222
12,1,1,1,0,226,224
12,1,1,1,1,224,219
11,0,0,1,1,225,222
8,0,0,1,1,228,222
10,1,0,0,1,191,195
4,1,0,0,1,224,219
6,1,1,0,0,223,224
5,0,0,1,0,229,230
6,1,1,1,0,226,229
5,1,1,1,1,225,222
6,1,0,0,0,204,201
9,0,0,0,1,235,240
4,0,0,0,0,179,173
9,0,1,1,0,227,222
11,1,1,1,0,222,226
11,1,1,1,1,222,218
6,1,1,0,1,194,188
11,1,0,1,1,228,226
5,0,0,1,1,229,232
10,0,1,1,0,226,222
4,1,0,0,1,231,226
9,0,1,1,0,225,219
7,1,1,0,0,182,174
11,1,0,0,0,239,235
7,0,1,0,0,153,144
5,1,0,1,0,225,228
7,1,1,1,0,220,218
4,1,1,1,1,226,225
6,0,0,0,1,195,190
6,1,0,1,1,228,226
7,1,1,0,0,156,157
9,1,1,1,0,226,231
11,1,0,0,0,204,204
6,1,0,0,1,152,147
4,0,0,0,0,245,236
11,0,0,1,1,225,228
5,0,1,0,1,206,208
6,1,1,0,0,177,172
12,1,0,1,0,227,228
6,1,0,0,0,200,200
7,1,1,0,0,184,176
11,1,1,0,0,154,158
6,0,0,1,0,223,217
5,0,0,0,0,239,244
5,1,1,1,1,227,228
11,1,0,1,1,228,221
12,0,1,0,0,243,246
12,0,1,1,0,222,216
10,0,0,1,0,227,228
4,1,1,1,0,224,216
5,0,1,1,0,229,225
4,0,0,1,1,224,229
11,0,1,0,1,245,237
8,1,1,0,1,175,174
7,1,0,0,0,195,188
5,0,1,1,1,222,224
9,0,1,0,0,208,200
4,1,1,1,0,220,215
11,1,0,1,1,228,226
12,1,0,0,1,203,204
10,0,1,1,1,223,221
7,0,0,0,0,160,162
10,0,1,0,0,172,174
9,0,1,0,0,187,178
5,1,1,1,0,222,218
9,1,1,1,0,220,215
8,1,0,1,0,223,228
4,0,1,0,1,230,226
8,0,0,0,1,185,184
6,1,1,0,0,175,180
9,1,0,1,0,220,218
10,1,0,1,0,223,221
8,0,1,0,1,196,188
6,0,0,0,0,197,190
6,1,0,1,0,220,225
12,0,1,0,0,188,182
12,0,0,0,0,162,162
10,1,0,0,1,230,231
11,1,0,1,1,227,218
4,1,1,0,0,180,175
5,0,1,1,0,220,220
12,1,0,0,1,160,160
12,1,1,1,1,226,231
12,1,0,1,0,223,218
4,0,1,0,1,189,194
11,0,1,0,0,237,230
12,1,0,1,1,228,222
4,0,0,1,1,229,232
11,1,0,1,1,222,224
8,1,1,1,1,229,224
5,1,1,1,1,225,229
6,1,1,1,0,227,229
7,0,0,0,0,156,148
7,0,0,1,1,228,224
6,1,1,0,1,160,162
10,1,0,0,0,198,192
4,0,1,1,1,223,215
5,1,0,0,1,195,196
5,1,1,1,1,226,229
6,0,1,1,1,229,229
9,1,1,0,1,237,240
6,0,0,0,0,162,159
4,1,0,0,0,207,200
5,0,1,0,1,201,197
8,0,0,0,0,176,167
5,0,1,0,0,156,150
12,1,1,1,1,222,223
8,0,0,0,0,178,175
9,0,1,0,0,232,230
10,1,0,1,0,221,215
11,0,1,0,0,218,217
8,0,1,0,0,244,247
8,1,1,1,0,228,227
11,0,0,1,1,224,226
12,1,0,1,0,229,227
7,1,1,0,0,249,253
6,1,1,1,1,220,225
5,1,1,0,1,181,180
6,1,0,0,0,153,153
6,1,0,1,1,223,225
10,1,1,1,0,228,230
10,1,1,0,1,168,160
6,1,1,1,0,222,214
6,1,1,0,0,178,171
4,0,0,1,1,221,223
5,1,0,1,1,225,227
4,0,1,0,0,164,169
12,1,0,1,0,220,211
4,0,1,1,1,225,227
4,0,0,1,1,225,219
4,1,1,1,0,229,229
4,1,1,0,0,249,245
4,1,0,0,1,185,183
9,1,0,1,1,227,220
9,1,0,1,0,226,220
6,1,0,0,1,193,186
5,0,0,0,0,191,195
6,0,0,0,0,153,153
10,1,0,0,0,178,181
5,0,1,0,1,217,220
11,0,1,1,1,223,221
4,0,0,0,0,225,220
6,1,1,0,0,155,159
5,1,0,1,0,228,225
12,0,0,0,0,233,233
8,1,1,1,1,226,222
7,0,1,0,1,161,160
12,0,0,1,0,226,231
12,0,1,1,0,220,212
9,0,1,1,1,225,219
5,1,0,1,1,220,224
8,1,0,1,0,221,213
9,0,0,1,0,220,221
5,1,1,0,1,235,232
10,1,1,1,0,222,218
5,1,0,0,0,189,183
6,1,1,0,1,242,237
7,1,1,0,1,241,233
10,0,1,0,0,225,227
5,0,1,0,0,246,245
7,0,0,1,0,228,219
8,0,0,0,1,174,169
11,1,0,0,1,230,233
10,0,1,0,1,235,230
9,1,0,1,1,229,220
7,0,0,1,1,225,216
6,1,1,0,0,160,156
8,1,0,1,0,226,221
12,0,1,0,1,195,191
6,0,1,0,1,246,249
5,1,1,1,0,229,232
8,1,0,0,0,184,179
8,0,0,0,1,182,180
7,1,0,0,1,220,221
10,1,1,1,0,224,229
4,0,0,1,1,227,227
8,1,1,0,1,166,164
9,1,1,1,0,220,211
10,0,0,1,1,225,227
12,1,1,0,1,224,217
8,0,1,0,0,159,150
4,1,1,0,0,237,241
11,1,0,0,1,236,227
11,1,0,0,0,164,166
8,0,0,0,0,232,234
4,0,0,1,0,221,221
11,0,0,0,0,229,225
10,1,1,0,1,247,238
10,1,0,1,0,225,222
4,0,1,1,1,227,224
5,1,1,1,0,223,222
11,1,1,1,1,220,221
7,0,1,1,0,229,227
12,1,0,1,1,220,211
7,1,1,0,1,204,197
5,0,1,0,0,223,218
10,0,1,0,1,162,160
12,1,1,0,0,249,244
4,1,0,1,0,226,227
10,1,0,0,1,158,162
10,1,0,0,1,186,182
8,0,0,1,0,221,222
5,1,1,1,1,228,221
4,0,1,0,0,228,232
7,0,0,0,1,230,232
10,0,1,0,0,191,182
6,1,0,0,1,214,219
10,0,1,1,1,227,220
5,0,0,0,1,175,166
7,1,1,0,1,156,149
4,1,0,0,0,156,157
9,0,1,1,1,229,221
11,0,0,0,1,237,234
5,0,0,0,0,188,179
11,1,0,0,0,243,236
10,0,1,1,1,224,216
6,0,0,1,1,224,226
9,1,1,1,0,226,222
8,0,1,1,1,222,225
4,1,1,1,0,220,223
10,1,0,1,0,223,227
4,0,0,1,1,224,216
5,0,1,1,0,221,212
5,0,0,1,0,226,220
7,1,1,0,1,194,194
10,0,1,0,0,177,174
8,0,1,0,0,150,154
10,0,0,1,1,224,219
5,1,1,0,1,175,168
10,0,0,1,1,226,231
7,1,1,0,1,184,179
4,1,0,0,1,175,166
6,1,1,1,1,223,218
11,1,0,0,0,155,146
8,0,1,0,1,200,205
5,1,1,0,0,201,194
9,1,0,1,1,224,216
5,0,0,0,0,246,242
11,0,0,1,1,229,231
4,1,0,0,1,162,167
11,1,0,0,0,166,160
7,0,0,0,0,174,174
12,0,1,1,1,223,226
6,0,0,1,0,225,230
12,0,1,1,0,220,225
7,1,1,0,1,242,233
4,1,0,0,1,202,196
8,0,0,0,1,193,189
7,0,1,0,0,161,152
9,1,0,0,0,215,210
7,0,1,1,1,226,221
9,1,0,1,0,227,224
8,0,0,0,0,187,183
12,0,1,0,0,200,191
9,0,1,0,0,154,154
10,0,0,1,1,224,229
10,1,0,1,1,229,229
12,0,1,1,1,228,229
11,1,0,1,0,229,222
9,1,0,1,1,223,219
6,1,1,0,1,224,222
10,0,1,1,1,227,228
9,1,0,1,0,221,225
11,0,0,1,0,227,223
5,0,1,1,0,221,221
8,0,1,1,1,220,213
4,0,0,0,1,184,182
12,1,0,0,1,210,213
9,0,1,1,1,220,219
8,1,1,0,1,190,189
6,0,0,1,0,228,224
12,1,0,0,1,237,237
10,1,0,1,1,224,219
6,0,1,1,0,228,222
11,0,1,1,1,225,219
11,1,1,1,1,229,224
9,0,1,1,1,226,226
12,1,0,0,0,244,242
7,1,0,0,0,183,175
8,0,1,0,1,177,172
10,1,0,1,0,222,220
10,1,0,0,0,238,242
7,0,1,0,0,238,230
7,0,0,1,0,223,219
5,1,1,1,0,221,220
4,0,1,1,1,221,215
7,1,1,1,1,226,231
8,0,1,0,0,155,148
5,1,0,0,1,153,153
7,1,0,0,0,247,250
5,0,0,0,1,191,189
5,0,0,0,1,196,192
6,1,1,0,0,225,227
4,0,0,1,0,229,228
6,1,1,0,0,185,181
5,0,1,1,1,224,223
10,0,0,1,0,228,226
4,1,0,1,1,222,223
11,0,0,0,0,247,241
10,0,0,0,0,204,203
7,1,1,1,0,226,222
4,1,1,0,0,174,179
10,1,0,1,0,223,223
12,1,0,1,0,224,223
4,0,1,1,1,227,225
9,0,0,1,1,221,222
9,1,1,1,0,224,229
5,1,0,1,0,229,225
4,1,0,0,1,242,244
6,1,1,1,1,225,226
7,0,0,0,0,189,183
11,0,1,1,0,223,228
11,1,0,0,0,245,246
12,1,1,0,1,230,221
7,1,1,1,1,221,213
4,0,0,1,0,222,220
5,0,0,1,1,229,233
6,1,0,1,0,222,221
9,0,1,1,1,221,213
7,0,0,0,0,191,194
11,0,0,1,1,225,224
7,1,1,1,0,220,220
4,0,0,0,0,228,227
8,0,1,0,0,234,228
12,0,1,1,0,223,215
5,0,0,1,1,226,230
7,1,0,0,1,195,187
9,0,0,1,0,221,225
11,1,1,0,0,208,204
6,0,0,0,0,167,171
10,0,1,0,1,169,166
4,0,0,1,0,228,219
4,0,1,1,1,229,234
7,0,1,1,0,221,216
7,1,0,0,1,222,220
11,0,1,1,1,229,229
10,1,0,1,0,222,217
7,1,1,0,1,175,180
10,0,0,0,1,220,213
4,0,0,1,1,221,223
4,1,0,1,1,226,227
10,1,0,0,1,214,205
8,0,1,0,1,160,164
5,0,1,0,1,181,181
5,1,1,0,0,207,202
10,1,1,1,1,224,216
12,1,0,1,1,226,223
11,0,0,1,0,223,225
4,1,0,0,1,159,153
12,0,0,0,1,153,147
11,0,0,1,0,229,232
8,0,0,0,0,224,216
4,0,1,0,1,155,158
10,1,1,1,0,221,217
4,1,0,1,1,221,216
4,0,0,0,0,186,189
8,1,0,0,1,197,192
9,0,0,0,1,161,159
9,1,1,0,1,237,237
6,1,1,0,1,242,238
8,1,0,1,0,226,228
6,1,0,1,1,225,223
9,1,0,0,1,197,199
10,1,1,0,0,205,207
12,1,0,0,0,228,221
7,1,0,0,1,220,214
6,0,1,0,1,189,183
8,1,0,1,1,226,227
8,1,1,0,1,195,197
7,1,0,0,1,216,217
10,0,0,1,0,222,221
5,0,0,0,1,228,229
9,1,1,1,1,229,233
9,1,1,1,1,222,226
11,1,1,0,0,160,160
4,0,0,1,1,223,216
9,1,0,0,1,152,157
11,1,0,1,1,228,233
5,1,0,1,0,227,232
12,0,0,1,1,221,219
7,1,1,1,0,227,224
9,1,1,1,0,223,223
7,0,1,1,1,222,225
4,0,0,0,0,241,235
10,0,1,1,0,221,226
7,0,1,0,1,224,217
8,0,0,0,0,175,171
11,0,1,1,1,229,222
12,0,1,0,0,227,226
7,0,1,0,1,245,245
5,0,1,0,1,198,195
4,0,1,1,0,221,220
8,0,0,1,0,224,219
11,1,1,0,0,166,163
4,0,0,1,0,229,220
5,1,1,0,0,229,221
9,1,1,1,1,223,223
4,1,1,0,1,201,195
6,1,1,1,1,222,220
7,0,0,0,0,186,186
5,1,1,1,0,228,220
11,1,0,0,0,183,188
8,1,0,1,0,226,220
7,1,1,1,0,227,226
10,1,1,1,0,222,218
10,0,1,1,1,221,220
9,0,0,0,0,173,176
9,0,0,1,1,220,221
6,1,1,1,0,226,230
11,1,0,1,0,221,212
6,1,0,1,0,220,211
5,1,1,1,1,222,224
5,0,0,0,1,237,233
4,0,0,0,0,187,192
9,1,1,1,0,220,219
10,1,1,0,1,178,183
7,1,1,1,1,228,233
9,0,1,0,0,183,181
5,0,1,0,0,221,216
8,1,1,0,1,186,182
6,0,0,0,1,198,191
12,0,1,1,0,227,228
12,1,0,1,0,222,225
9,0,0,1,1,225,222
6,1,1,1,1,223,220
6,0,1,0,0,165,159
5,1,0,0,0,152,144
9,1,1,1,0,222,220
6,1,0,1,1,226,230
6,0,1,1,1,223,214
9,1,0,0,1,193,192
9,1,1,0,0,228,233
8,1,1,0,0,183,185
8,0,1,1,0,227,223
10,0,1,0,1,189,188
6,1,0,0,1,237,241
4,1,1,1,0,223,214
12,1,0,0,0,204,202
12,1,0,1,0,227,227
6,1,1,0,0,192,185
5,0,1,0,1,194,192
7,1,1,1,1,222,223
10,0,1,0,0,221,216
7,1,0,1,1,223,220
8,0,1,1,1,220,215
9,0,0,1,0,229,231
11,1,0,0,1,209,200
12,1,0,1,1,222,222
8,1,0,1,0,220,218
5,0,0,0,0,158,151
11,1,0,1,1,228,226
8,0,1,1,1,221,219
7,1,1,0,0,197,192
6,1,1,0,1,246,251
11,1,1,1,0,225,230
9,0,1,0,0,218,211
10,0,1,0,0,191,191
5,1,0,1,1,226,224
11,0,0,1,1,220,218
4,1,1,1,0,227,231
5,1,0,0,0,245,245
9,0,1,0,1,181,176
4,0,0,1,1,224,227
8,1,0,1,1,225,229
11,0,1,1,1,220,212
10,0,1,1,1,228,233
8,0,1,0,0,225,227
11,1,1,1,0,222,220
6,1,1,1,1,226,229
12,1,0,1,0,228,231
4,0,0,0,1,242,239
5,1,1,1,0,223,217
8,0,1,1,0,224,224
5,1,0,1,0,229,233
8,0,1,1,1,222,223
4,1,1,0,0,181,177
4,1,0,0,0,165,166
4,0,1,0,1,166,170
8,1,0,1,1,223,225
11,1,1,1,1,221,221
4,0,1,1,0,226,217
4,0,0,1,0,220,224
10,0,1,1,1,227,228
10,1,1,1,0,220,220
6,1,1,0,1,220,221
6,0,1,0,1,198,201
4,0,0,0,1,183,188
4,1,0,1,1,227,229
4,1,0,1,1,226,223
10,0,1,0,0,161,157
6,1,0,0,0,210,209
5,1,1,0,1,213,213
6,1,0,1,1,228,227
5,0,1,0,0,188,182
9,1,1,1,0,226,219
10,1,1,0,0,165,165
10,1,1,1,1,220,218
10,0,0,0,0,161,154
4,1,0,0,1,175,178
12,1,0,0,0,185,185
8,1,0,0,1,222,217
10,0,1,1,1,228,219
7,0,0,1,0,226,227
11,0,0,1,0,222,217
11,1,0,0,0,239,233
7,0,0,0,1,192,190
4,1,1,1,1,228,233
7,1,0,0,0,210,207
12,0,1,1,0,224,224
5,0,1,0,1,188,185
9,1,1,0,1,214,206
5,0,0,1,1,220,214
5,1,0,1,0,224,222
6,0,1,0,0,243,235
9,0,0,1,1,223,224
9,1,0,1,1,222,226
8,0,1,1,0,227,224
6,1,0,0,0,168,159
6,1,1,0,1,244,238
10,1,0,1,0,220,222
4,1,0,1,1,225,229
10,1,1,0,0,193,188
4,0,1,1,0,227,229
7,0,0,0,1,227,219
12,1,1,1,0,223,221
5,1,0,0,0,163,158
4,1,1,0,1,239,232
11,1,0,0,0,246,251
10,1,0,0,0,184,184
7,0,0,1,1,226,229
10,0,1,1,0,225,217
10,1,1,1,0,225,230
11,1,0,0,0,230,222
5,1,1,1,0,221,225
7,0,0,1,1,221,215
4,0,0,0,1,245,243
11,1,1,1,0,228,219
7,0,0,1,0,222,217
6,1,1,1,1,224,216
4,1,0,0,0,205,204
10,1,0,1,0,221,216
10,0,0,0,1,179,172
8,1,1,0,1,195,190
7,0,0,1,0,220,222
11,1,0,1,0,222,222
7,0,0,0,0,193,187
7,0,1,0,0,248,250
9,1,0,1,1,226,223
9,0,1,1,0,225,226
4,1,1,1,0,221,221
7,1,1,0,0,204,208
6,0,1,0,1,199,200
5,0,0,1,1,221,219
9,1,0,0,1,197,190
6,0,0,0,1,230,222
8,1,0,1,0,220,217
12,0,0,1,0,221,224
11,1,1,1,0,222,214
6,1,0,1,0,222,226
12,1,1,0,0,232,226
7,1,1,1,0,221,219
10,0,1,0,0,160,156
12,0,0,1,0,220,222
6,0,0,0,0,216,214
9,0,1,0,0,229,228
5,0,1,1,1,221,215
4,0,0,1,1,225,227
10,1,1,0,0,224,226
7,1,0,0,1,203,207
4,1,1,1,1,220,222
9,0,1,0,0,237,238
9,1,1,1,1,225,224
4,1,0,0,1,240,239
12,0,0,1,0,227,228
5,1,0,0,0,200,203
12,0,0,0,0,218,211
5,0,1,1,0,225,223
11,1,1,1,0,221,222
7,0,0,0,0,208,200
6,1,0,1,0,223,219
12,0,0,0,1,243,244
5,1,0,0,1,192,187
7,0,0,0,1,211,212
6,0,0,0,0,203,206
12,0,0,1,0,222,213
6,1,1,1,1,227,227
7,0,0,0,1,211,210
5,1,1,1,1,220,212
6,1,1,0,1,226,218
7,0,1,0,1,182,182
7,1,1,1,1,227,220
8,1,1,1,1,222,219
11,0,1,1,1,221,219
9,0,0,1,0,227,232
11,1,1,0,1,231,229
6,0,0,1,0,227,219
7,0,1,0,0,225,229
6,1,1,1,1,227,224
9,0,0,0,1,200,200
6,0,0,0,1,232,237
4,0,1,1,0,220,225
10,1,0,0,1,210,211
9,0,1,0,0,169,163
7,1,1,0,0,248,249
4,0,1,1,1,221,219
12,0,1,0,1,230,225
8,0,1,0,1,200,198
7,1,1,1,0,228,232
12,1,0,0,1,210,214
9,0,0,1,0,225,229
8,0,0,0,1,236,239
9,0,1,1,0,226,227
10,1,0,0,1,199,196
4,0,0,1,1,226,222
6,0,0,0,1,197,194
9,0,0,1,1,226,226
6,0,1,0,1,206,199
5,1,1,0,0,152,145
12,1,1,0,0,220,215
5,0,1,1,1,226,225
9,0,0,0,0,217,211
7,0,1,1,0,228,223
8,1,0,0,1,154,152
10,0,0,1,0,227,218
4,0,0,0,0,161,153
11,1,1,1,0,226,224
11,0,1,0,0,243,248
12,1,0,1,0,227,219
12,1,0,1,0,222,219
7,0,0,1,0,226,224
4,1,0,1,0,220,225
6,0,0,1,0,225,224
12,0,1,1,0,221,218
6,1,0,0,1,219,223
11,0,0,1,1,225,222
12,0,1,1,0,227,229
5,0,1,0,1,192,188
7,1,1,0,1,193,194
9,1,1,0,0,201,198
9,1,1,0,0,234,239
11,1,0,1,1,229,227
11,1,0,1,0,222,220
6,1,1,0,0,220,219
5,1,1,1,0,227,220
4,0,1,1,0,220,217
6,1,0,1,0,223,226
7,0,0,1,1,223,214
10,0,0,1,1,224,221
5,1,1,0,0,214,219
12,0,0,1,0,224,224
10,0,0,0,1,198,191
12,1,0,0,0,239,236
12,0,1,0,0,211,209
12,0,0,0,0,215,212
12,0,0,1,0,228,225
5,1,1,1,0,226,221
11,0,1,1,0,221,213
4,1,1,0,0,202,200
7,0,0,0,1,245,237
7,1,1,0,0,199,190
6,0,0,0,1,249,241
10,1,0,0,1,179,179
8,0,1,1,1,223,214
10,0,1,0,1,199,204
9,1,0,1,0,221,213
9,1,1,1,1,229,222
11,1,0,1,0,221,215
9,1,1,1,0,225,225
9,0,1,1,1,224,218
10,1,1,0,0,214,213
8,1,0,1,0,220,211
12,0,1,1,1,229,228
4,1,0,1,1,224,217
6,1,0,1,0,224,226
6,0,1,0,1,191,191
7,0,1,0,0,216,208
4,0,1,0,0,172,172
4,1,0,1,0,222,220
6,1,1,1,1,223,215
5,1,1,0,0,193,189
4,0,1,0,1,226,221
9,1,0,1,1,227,222
5,1,0,0,0,200,195
7,1,0,0,0,169,168
12,1,1,0,1,224,215
9,0,1,0,1,184,187
11,0,1,0,1,163,163
4,0,1,0,0,167,168
4,0,0,0,1,243,246
11,0,1,1,1,223,216
12,0,0,1,0,226,225
11,1,0,0,0,165,161
9,0,0,0,0,209,213
8,0,1,1,0,229,227
12,0,1,1,0,221,221
8,0,0,0,0,246,248
5,1,0,0,0,190,182
4,1,0,1,0,229,226
11,0,0,1,0,220,218
8,1,0,1,1,220,212
7,1,0,0,0,218,223
9,1,0,0,1,150,145
7,1,1,1,0,223,223
5,1,1,0,0,167,163
10,1,1,1,0,228,233
6,0,1,0,1,239,238
4,0,1,0,0,181,172
10,1,1,0,0,214,209
9,0,1,0,1,209,211
12,0,0,1,0,226,229
6,0,1,1,1,224,222
10,0,0,1,0,223,215
6,0,0,1,0,224,224
8,1,1,1,0,224,225
12,0,1,1,1,224,223
12,1,1,0,1,228,231
9,0,0,0,1,221,216
12,0,1,0,0,249,244
8,1,1,0,0,228,219
4,0,1,0,0,216,210
11,1,0,1,0,224,225
4,1,0,1,0,227,229
10,1,0,1,1,229,227
4,1,0,1,0,227,225
12,0,1,1,0,220,224
10,1,1,0,1,210,210
4,0,1,1,1,229,228
7,1,0,0,1,211,202
8,0,0,1,0,223,218
9,1,1,1,1,227,222
7,0,0,1,1,222,213
12,1,1,1,1,223,218
7,0,0,0,0,154,159
4,0,1,0,1,188,183
8,0,1,1,1,228,229
5,0,1,0,1,178,172
12,1,0,0,0,157,162
7,1,0,1,0,227,223
8,1,0,0,0,203,200
11,1,1,0,1,226,217
8,1,0,1,0,221,213
7,1,1,0,0,244,249
7,0,1,0,1,156,161
9,0,1,1,1,227,218
8,0,0,0,1,197,201
12,0,1,0,1,213,210
6,0,1,1,0,222,223
7,1,0,0,0,239,237
4,0,0,0,0,161,155
7,1,1,1,0,223,214
9,0,0,1,1,220,219
7,1,1,1,0,225,217
4,0,1,1,0,229,231
12,1,0,1,0,221,226
4,1,0,1,0,227,229
10,0,1,0,0,184,178
4,0,1,0,1,150,144
7,0,0,1,0,227,224
5,1,1,0,0,219,216
6,0,1,0,1,229,231
12,1,0,0,1,155,148
12,1,0,1,1,224,217
7,0,1,1,1,228,226
7,1,1,0,1,235,227
6,0,0,0,0,180,185
4,1,0,1,1,227,228
8,1,1,0,1,220,222
8,1,0,1,0,225,220
10,0,1,1,0,226,220
8,0,0,1,1,229,234
4,0,1,1,0,229,228
4,0,1,1,1,227,226
12,1,1,0,1,180,183
11,0,1,1,1,221,223
11,1,1,0,0,166,158
4,1,0,0,0,184,188
10,1,1,1,0,220,213
11,1,1,0,1,185,183
5,1,1,0,0,239,235
6,1,0,1,0,220,223
4,1,0,0,1,232,237
5,1,1,0,0,242,238
7,1,1,1,1,227,228
12,0,0,1,0,220,213
12,1,0,1,0,224,222
8,1,1,0,0,168,159
6,1,1,1,1,223,216
6,0,1,1,1,221,212
10,1,1,0,0,225,224
11,1,1,1,1,223,222
12,1,0,0,0,156,149
7,1,1,0,0,215,212
11,1,0,1,1,225,226
9,0,0,0,0,185,179
5,1,1,0,0,248,245
9,0,0,1,1,221,218
10,0,1,1,0,223,218
11,1,1,1,1,220,219
12,1,1,0,0,225,220
11,0,1,0,0,171,175
11,1,0,0,0,161,155
4,1,1,1,0,221,212
6,0,1,0,1,222,220
5,1,1,1,1,228,229
12,0,0,0,0,150,142
10,0,1,0,0,223,214
11,0,0,1,0,220,213
6,0,0,1,1,221,215
4,1,0,1,0,221,225
9,0,1,0,1,207,212
11,0,1,0,1,162,166
6,0,1,0,0,211,215
6,1,0,0,1,194,195
6,0,0,1,1,226,220
6,1,1,0,0,241,239
12,0,1,1,0,224,228
10,1,1,1,0,227,226
11,1,0,1,1,222,219
8,0,0,1,1,225,220
8,1,0,1,0,221,225
10,0,0,0,0,249,254
6,0,1,1,0,223,216
8,0,0,1,0,220,216
5,1,1,1,0,229,225
5,1,0,0,0,184,189
5,0,1,1,1,228,225
9,1,0,0,0,220,214
6,1,0,1,1,220,214
9,1,1,0,1,228,223
8,0,1,0,0,221,215
5,1,1,1,0,228,233
7,0,0,0,1,199,200
7,0,0,0,0,248,243
7,1,1,1,1,226,230
11,1,1,1,0,229,223
6,0,0,0,1,203,196
11,0,1,1,1,223,221
12,1,1,1,0,223,216
8,0,1,0,1,229,224
9,0,0,0,0,202,203
10,0,1,0,1,202,197
6,1,0,0,0,204,209
9,0,0,0,1,192,195
10,1,0,1,1,224,217
9,1,0,1,0,222,218
6,0,0,0,0,199,198
7,0,1,1,1,228,228
8,1,1,1,1,221,212
9,1,1,1,1,225,230
6,1,0,1,1,220,219
7,0,1,0,1,204,207
5,0,1,1,0,221,216
11,0,1,0,0,232,230
9,0,1,0,0,210,207
9,0,0,0,0,242,245
12,1,0,0,1,204,207
10,0,0,1,1,225,229
9,1,1,0,1,235,239
11,0,1,1,0,227,230
5,0,0,1,1,228,232
7,1,0,1,1,220,218
5,0,1,1,1,223,222
11,1,1,1,1,227,221
10,1,0,1,0,222,225
9,0,1,0,0,168,162
4,0,1,1,0,224,222
9,1,0,1,1,225,218
6,0,0,0,1,157,152
11,0,1,0,1,231,230
9,0,1,1,1,228,221
4,0,0,1,1,224,225
6,0,0,1,1,221,221
7,0,0,1,1,224,227
10,1,0,0,0,229,222
10,0,0,1,0,227,218
10,0,1,0,0,181,176
6,1,1,1,1,225,225
11,0,1,1,1,223,217
12,0,0,1,0,224,223
6,1,1,0,1,169,167
6,1,1,1,0,226,226
4,1,0,0,1,241,233
4,0,1,1,0,228,220
6,0,1,1,1,223,221
5,1,1,0,1,177,182
8,0,0,1,0,226,217
7,1,1,0,1,230,226
10,0,1,0,0,167,167
12,0,0,1,1,228,231
8,1,1,0,0,175,175
8,0,0,0,0,168,165
4,0,0,0,1,217,213
7,1,1,1,1,227,224
9,1,1,0,0,191,192
6,1,1,1,1,226,227
8,1,1,1,1,221,218
4,0,1,1,1,222,219
8,1,1,1,0,227,218
11,1,0,1,1,229,224
4,0,0,1,0,221,224
4,1,0,0,1,202,198
6,1,0,1,1,223,224
7,1,1,0,0,169,174
4,1,0,0,1,186,179
5,0,1,0,1,234,239
4,0,0,1,0,220,222
4,0,0,0,0,176,179
8,1,0,0,0,244,237
4,1,0,1,1,227,230
10,1,0,0,1,235,232
10,1,1,1,0,229,233
7,0,0,0,0,247,246
9,1,0,0,1,247,249
8,1,0,1,1,229,221
9,0,0,0,1,246,240
4,0,1,1,0,224,226
9,1,0,1,1,223,214
4,1,1,0,0,238,233
8,1,1,1,1,228,231
8,1,1,1,1,226,226
7,1,0,1,1,229,230
10,1,0,1,0,224,215
10,1,1,0,0,152,144
4,0,0,1,0,228,233
9,0,1,0,0,181,185
10,0,0,0,0,232,223
11,0,1,0,1,177,176
4,1,1,0,0,225,230
7,1,1,0,1,166,166
5,1,1,1,1,222,219
6,0,1,1,0,228,227
12,1,1,0,1,207,202
11,0,1,1,1,221,214
10,1,1,1,0,227,220
8,0,1,1,1,221,223
6,0,0,0,0,196,191
10,0,1,0,0,217,222
5,1,0,1,1,226,220
9,1,1,0,1,213,213
8,1,1,0,0,175,171
6,1,0,0,1,201,204
9,0,0,0,1,243,235
7,0,1,1,1,227,223
7,0,0,1,1,227,220
7,0,0,0,1,172,169
10,0,1,1,1,225,220
11,0,1,0,0,238,229
10,1,1,1,1,221,219
10,1,1,0,1,158,149
12,1,1,0,1,199,192
12,1,0,0,1,186,179
10,0,0,1,0,225,230
4,0,0,0,1,203,197
12,1,0,1,0,228,226
5,1,1,1,1,220,213
11,1,0,0,1,198,189
5,0,0,0,0,191,192
8,0,0,1,0,221,225
10,1,0,0,1,170,175
4,1,1,0,0,177,171
4,1,0,0,1,200,200
10,0,1,0,0,239,238
7,0,1,1,0,225,228
9,0,0,0,0,238,243
10,1,1,1,1,228,231
7,1,0,1,1,221,217
12,1,0,0,0,185,190
12,1,0,1,0,222,220
11,0,0,0,1,198,202
12,0,1,0,1,175,176
6,1,0,1,1,221,214
5,0,0,0,0,234,231
10,1,0,0,1,183,188
5,1,0,1,1,224,226
11,0,0,1,1,224,223
11,0,1,1,1,222,227
10,0,1,1,1,225,221
5,0,0,1,0,225,218
9,1,0,0,0,239,240
7,1,1,1,0,220,219
4,0,0,1,0,224,227
5,0,1,0,1,192,186
9,0,1,0,1,162,157
5,1,0,0,0,168,161
12,0,0,0,1,245,243
6,1,0,1,1,225,218
12,0,1,0,1,199,193
11,0,1,0,0,210,215
8,1,1,1,0,220,224
9,0,1,1,1,228,232
5,0,0,0,0,204,204
9,1,1,1,0,221,219
7,1,0,0,1,151,147
12,1,1,1,1,228,229
6,1,1,1,1,221,214
5,0,1,0,1,191,196
6,1,0,0,1,196,191
9,1,0,0,1,236,238
4,1,1,1,1,221,215
9,0,1,0,1,179,172
7,1,0,0,1,196,195
7,0,1,1,1,221,213
10,1,1,1,0,220,224
9,1,0,1,1,229,231
9,0,0,1,1,223,224
8,0,1,0,0,153,145
7,0,1,1,1,222,222
7,1,1,1,1,222,227
9,1,0,0,1,157,149
5,0,0,1,0,220,213
11,0,1,1,0,221,220
5,0,1,1,1,220,224
8,0,1,1,1,225,227
6,0,1,0,0,212,206
7,1,1,0,1,194,187
5,0,1,0,1,227,226
5,1,0,0,1,153,145
7,1,0,1,0,221,213
9,0,0,1,1,220,216
4,0,0,0,1,213,208
10,0,1,0,1,170,164
8,1,0,0,0,240,245
12,1,1,1,0,221,215
4,0,0,1,1,223,222
10,1,0,0,1,235,228
10,1,0,0,1,173,164
8,0,1,1,0,221,222
11,0,0,1,1,220,214
4,1,1,1,0,224,229
11,1,0,0,0,200,203
4,0,0,0,1,217,210
6,0,1,0,1,243,237
11,0,1,0,1,189,190
5,0,0,1,1,222,222
7,0,1,0,1,153,148
4,1,0,1,0,228,222
8,0,0,0,0,203,194
5,0,1,0,1,174,178
8,1,0,0,1,210,208
9,1,1,0,0,169,172
4,0,0,0,0,170,161
9,0,1,1,1,221,225
8,1,1,1,1,224,220
12,1,1,1,0,222,216
9,1,1,1,0,221,212
8,1,1,0,1,172,175
6,1,1,0,0,236,227
8,1,0,1,0,223,222
7,1,0,1,0,229,234
11,1,0,1,1,226,224
7,0,1,1,0,221,219
8,1,0,0,1,167,159
7,1,1,1,1,221,214
11,1,0,0,1,230,230
9,1,0,1,0,226,223
12,0,1,1,1,225,223
10,0,0,1,0,228,219
7,0,0,0,1,194,188
4,1,0,0,0,206,207
7,1,1,1,1,226,227
4,0,0,0,0,188,180
5,1,1,0,1,218,213
12,1,1,0,0,233,237
6,1,0,1,0,224,218
8,1,1,0,0,239,233
10,1,1,0,1,151,156
10,1,0,1,0,223,224
6,1,0,1,0,221,218
6,0,1,0,0,155,159
10,0,1,1,1,220,218
8,1,1,0,1,213,208
8,0,0,1,0,220,220
12,0,1,0,1,249,249
9,1,0,0,0,213,215
8,0,1,0,0,163,155
7,1,1,0,1,204,199
12,1,0,0,1,208,206
8,0,0,0,0,215,208
11,1,0,0,0,242,244
11,0,0,0,1,225,217
12,1,1,1,1,227,229
11,1,1,1,0,224,215
6,1,1,0,1,244,244
8,1,0,0,1,172,170
10,0,1,0,0,190,195
9,1,0,0,0,235,235
11,0,1,1,1,223,219
6,0,1,0,0,245,238
11,1,1,0,0,161,161
7,0,0,0,1,219,212
5,0,0,1,1,221,212
10,1,1,0,0,216,210
4,1,0,0,1,172,169
6,1,1,0,1,225,229
9,0,0,0,0,233,235
12,0,1,1,0,224,227
5,1,1,1,0,222,222
9,1,1,0,1,216,209
6,0,0,1,1,229,231
11,1,0,1,0,222,216
12,1,1,0,0,191,193
11,1,1,0,0,215,213
4,1,0,0,1,187,189
12,1,0,0,0,209,210
10,0,0,1,0,223,219
7,1,0,0,1,154,157
8,1,0,0,0,182,181
5,0,0,1,0,225,224
4,0,1,0,1,213,204
7,1,1,1,0,223,227
10,0,0,1,1,228,224
4,1,1,1,1,227,221
6,1,0,1,1,228,221
11,1,0,0,0,230,233
4,1,0,1,1,222,214
10,1,1,0,1,195,198
6,1,1,0,0,222,215
12,1,1,1,0,228,225
12,1,1,0,1,200,201
11,0,0,1,1,228,229
4,1,0,1,1,229,224
8,1,0,1,0,220,217
8,1,0,1,0,224,216
6,1,0,0,0,180,181
11,1,0,1,0,229,230
11,1,1,0,0,229,227
5,1,1,1,0,220,219
6,0,1,0,0,174,171
4,0,0,1,0,226,221
6,1,0,1,1,228,222
8,1,1,0,1,168,161
10,0,0,0,1,242,244
12,1,0,1,0,220,225
4,0,0,0,1,241,239
9,1,1,0,1,151,142
4,0,0,0,0,186,189
11,1,1,0,0,248,243
7,1,0,0,0,181,180
4,0,1,1,1,227,231
6,1,1,1,0,220,220
12,1,1,1,1,224,224
8,1,1,0,1,243,243
5,0,1,1,1,220,225
12,1,1,0,1,186,191
11,1,1,1,1,225,220
10,1,1,1,0,222,216
8,1,0,1,0,223,214
9,1,0,1,0,226,227
11,0,1,1,0,225,224
8,0,1,0,1,239,233
8,0,1,0,1,234,229
12,1,0,1,1,222,217
11,1,1,0,1,150,141
9,0,1,1,1,224,220
7,0,0,1,0,220,222
12,1,1,1,0,227,218
4,1,0,1,1,222,220
7,1,0,0,1,151,148
8,1,1,0,1,221,216
8,0,0,1,0,226,223
7,0,0,1,0,221,218
4,0,0,0,0,158,152
8,1,0,0,1,239,234
8,1,1,1,0,222,223
10,0,0,0,1,217,217
9,1,0,1,1,223,214
6,0,0,0,1,173,177
9,0,1,0,1,177,176
10,1,0,1,1,222,213
10,0,0,0,1,186,183
10,1,0,0,1,165,157
8,0,1,1,0,229,231
5,0,0,1,1,220,223
10,0,1,1,0,224,221
9,1,0,1,1,220,225
9,1,1,0,1,199,200
9,1,0,1,1,224,215
12,0,1,1,1,224,225
8,1,1,1,1,224,225
7,1,1,1,0,229,234
12,1,1,0,0,206,202
5,0,1,0,0,239,243
4,0,0,0,0,195,190
6,0,0,1,0,221,225
10,1,0,1,0,224,217
11,0,1,0,1,225,223
10,0,0,0,1,235,233
6,0,0,0,0,232,231
4,1,1,0,1,179,171
10,0,0,1,0,226,219
12,0,0,1,0,224,215
11,1,0,0,1,198,196
9,0,1,0,1,233,227
4,1,1,0,0,167,168
4,0,1,0,0,193,190
9,0,0,0,1,154,147
4,0,0,1,0,221,212
11,0,1,1,0,220,217
11,0,1,1,1,228,221
8,1,1,1,0,226,230
12,0,0,0,0,195,187
12,1,0,1,1,229,220
9,0,1,1,1,223,217
12,0,0,1,1,221,215
4,1,0,1,0,224,217
8,0,1,1,0,224,218
6,1,0,1,1,225,227
4,1,1,1,1,227,221
12,1,1,0,0,247,245
9,1,1,0,0,203,195
11,0,1,0,0,223,214
12,1,0,0,0,248,253
8,0,0,1,0,226,218
10,1,1,1,1,221,219
7,1,1,0,0,164,156
11,0,0,1,1,222,219
11,1,1,0,0,199,201
7,0,1,0,0,205,208
6,1,0,0,0,178,179
10,0,1,0,1,153,156
6,0,1,0,0,169,161
7,1,1,0,0,239,236
10,0,0,0,0,198,203
4,1,0,1,0,225,223
6,0,1,0,0,185,178
9,0,0,1,1,228,231
5,0,0,0,1,157,151
9,1,0,0,1,187,179
9,0,1,0,0,188,183
7,0,1,0,1,232,229
7,0,0,0,1,210,202
6,1,0,1,1,222,222
10,1,1,0,0,184,175
8,0,1,1,1,226,222
12,1,1,1,0,224,229
9,0,0,0,0,243,234
12,1,0,1,0,228,231
11,0,1,0,0,192,197
6,0,1,1,1,227,227
5,0,0,0,1,196,189
6,0,1,1,0,221,214
4,0,0,0,1,198,203
10,1,0,1,0,223,217
9,0,0,0,1,198,198
5,1,0,0,0,179,173
10,1,0,0,0,198,189
11,0,1,0,0,206,205
10,1,1,0,1,173,173
11,1,0,1,0,220,223
7,1,1,1,1,227,227
4,0,0,1,0,229,230
7,1,1,0,0,239,238
12,1,1,0,1,155,156
12,1,0,0,0,249,247
4,0,0,0,0,185,177
7,0,1,1,0,221,218
4,0,0,0,0,197,195
6,1,1,1,1,221,219
4,0,1,0,0,188,187
4,1,1,1,0,223,219
9,0,1,0,1,168,163
8,0,1,0,0,152,153
4,1,1,1,0,226,230
8,1,0,1,0,224,223
6,1,0,1,0,227,221
5,0,1,1,1,227,232
5,1,0,1,0,225,223
8,1,0,0,0,234,226
6,0,0,0,1,165,161
4,0,0,0,1,232,237
6,1,0,1,0,221,214
8,1,1,0,1,168,167
5,1,1,0,1,198,194
12,1,1,1,1,229,225
10,1,0,0,0,168,166
4,1,0,0,1,194,188
4,0,0,1,1,228,226
12,0,0,0,0,193,189
11,0,1,1,1,223,221
10,1,1,1,0,229,227
12,1,0,0,0,226,229
11,1,0,1,0,220,220
5,0,0,0,1,211,208
8,0,1,1,1,223,219
8,1,1,0,1,193,188
12,0,1,0,0,165,159
9,0,1,0,1,174,171
5,1,1,0,0,208,206
8,0,1,0,0,161,159
4,0,1,0,1,193,197
12,1,0,0,0,233,224
11,1,1,0,1,211,216
10,0,0,0,0,152,148
7,1,1,0,1,249,254
10,1,0,0,0,220,216
9,0,0,1,0,220,214
5,1,0,1,0,227,220
12,1,0,1,1,223,215
9,0,0,1,1,224,220
7,1,0,1,1,228,228
11,0,1,1,0,221,219
4,0,0,0,0,214,208
4,0,1,0,0,189,186
11,0,1,1,0,227,219
8,0,1,1,0,222,227
